Model,TrueClass,PredictedClass,Confidence,LeafFocusRatio,BackgroundLeakage,Correct
ResNet50,Apple Scab Leaf,Tomato Early blight leaf,0.3796,1.0,0.0,0
ResNet50,Apple Scab Leaf,Cherry leaf,0.9015,0.7383,0.2617,0
ResNet50,Apple Scab Leaf,Corn leaf blight,0.9988,0.447,0.553,0
ResNet50,Apple Scab Leaf,Tomato Early blight leaf,0.6513,0.6612,0.3388,0
ResNet50,Apple Scab Leaf,Potato leaf early blight,0.4208,0.9619,0.0381,0
ResNet50,Apple Scab Leaf,Cherry leaf,0.7657,0.9616,0.0384,0
ResNet50,Apple Scab Leaf,Cherry leaf,0.9125,0.894,0.106,0
ResNet50,Apple Scab Leaf,Apple rust leaf,0.862,0.8439,0.1561,0
ResNet50,Apple Scab Leaf,Bell_pepper leaf spot,0.87,0.852,0.148,0
ResNet50,Apple Scab Leaf,Cherry leaf,0.4828,0.8298,0.1702,0
ResNet50,Apple Scab Leaf,Tomato Early blight leaf,0.8622,0.297,0.703,0
ResNet50,Apple Scab Leaf,Tomato Early blight leaf,0.6146,0.9814,0.0186,0
ResNet50,Apple Scab Leaf,Tomato Early blight leaf,0.8451,0.9559,0.0441,0
ResNet50,Apple Scab Leaf,Cherry leaf,0.9252,0.7471,0.2529,0
ResNet50,Apple Scab Leaf,Tomato Early blight leaf,0.491,0.9777,0.0223,0
ResNet50,Apple Scab Leaf,Potato leaf early blight,0.5072,0.8903,0.1097,0
ResNet50,Apple Scab Leaf,Corn Gray leaf spot,0.9214,0.9817,0.0183,0
ResNet50,Apple Scab Leaf,grape leaf black rot,0.5842,0.9696,0.0304,0
ResNet50,Apple Scab Leaf,Bell_pepper leaf,0.5772,0.9925,0.0075,0
ResNet50,Apple Scab Leaf,Bell_pepper leaf spot,0.9814,0.9284,0.0716,0
ResNet50,Apple Scab Leaf,Bell_pepper leaf,0.9912,0.9867,0.0133,0
ResNet50,Apple Scab Leaf,Bell_pepper leaf,0.9818,0.8746,0.1254,0
ResNet50,Apple Scab Leaf,Tomato Early blight leaf,0.5613,0.9672,0.0328,0
ResNet50,Apple Scab Leaf,Tomato Early blight leaf,0.2513,0.8623,0.1377,0
ResNet50,Apple Scab Leaf,Potato leaf early blight,0.9915,0.5852,0.4148,0
ResNet50,Apple Scab Leaf,Bell_pepper leaf spot,0.9026,0.5546,0.4454,0
ResNet50,Apple Scab Leaf,Cherry leaf,0.9777,0.7982,0.2018,0
ResNet50,Apple Scab Leaf,Apple Scab Leaf,0.6762,1.0,0.0,1
ResNet50,Apple Scab Leaf,grape leaf black rot,0.6566,0.9871,0.0129,0
ResNet50,Apple Scab Leaf,Corn leaf blight,0.3763,0.8288,0.1712,0
ResNet50,Apple Scab Leaf,Corn rust leaf,0.4967,0.4935,0.5065,0
ResNet50,Apple Scab Leaf,Tomato Early blight leaf,0.7541,0.9379,0.0621,0
ResNet50,Apple Scab Leaf,grape leaf black rot,0.4108,0.994,0.006,0
ResNet50,Apple Scab Leaf,Tomato Early blight leaf,0.9273,0.8448,0.1552,0
ResNet50,Apple Scab Leaf,Tomato Early blight leaf,0.4049,0.9827,0.0173,0
ResNet50,Apple Scab Leaf,Cherry leaf,0.9059,0.8099,0.1901,0
ResNet50,Apple Scab Leaf,Cherry leaf,0.6658,0.9588,0.0412,0
ResNet50,Apple Scab Leaf,Apple rust leaf,0.3304,0.9985,0.0015,0
ResNet50,Apple Scab Leaf,Cherry leaf,0.4385,0.9906,0.0094,0
ResNet50,Apple Scab Leaf,Corn rust leaf,0.4398,0.1514,0.8486,0
ResNet50,Apple Scab Leaf,Corn rust leaf,0.8715,0.1281,0.8719,0
ResNet50,Apple Scab Leaf,Bell_pepper leaf,0.351,0.8825,0.1175,0
ResNet50,Apple Scab Leaf,Cherry leaf,0.4895,0.6655,0.3345,0
ResNet50,Apple Scab Leaf,Cherry leaf,0.3002,0.9954,0.0046,0
ResNet50,Apple Scab Leaf,Tomato Early blight leaf,0.7324,0.8858,0.1142,0
ResNet50,Apple Scab Leaf,Apple Scab Leaf,0.8121,0.9911,0.0089,1
ResNet50,Apple Scab Leaf,Tomato Early blight leaf,0.7406,0.8395,0.1605,0
ResNet50,Apple Scab Leaf,Tomato Early blight leaf,0.8783,0.8132,0.1868,0
ResNet50,Apple Scab Leaf,Tomato leaf late blight,0.4637,0.9814,0.0186,0
ResNet50,Apple Scab Leaf,Apple Scab Leaf,0.9942,0.9996,0.0004,1
ResNet50,Apple Scab Leaf,Potato leaf early blight,0.9855,0.6833,0.3167,0
ResNet50,Apple Scab Leaf,Apple leaf,0.8256,0.6589,0.3411,0
ResNet50,Apple Scab Leaf,Bell_pepper leaf,0.4317,0.607,0.393,0
ResNet50,Apple Scab Leaf,grape leaf black rot,0.4128,0.9944,0.0056,0
ResNet50,Apple Scab Leaf,Tomato Early blight leaf,0.474,0.9689,0.0311,0
ResNet50,Apple Scab Leaf,grape leaf black rot,0.6096,0.9455,0.0545,0
ResNet50,Apple Scab Leaf,Potato leaf early blight,0.686,0.9944,0.0056,0
ResNet50,Apple Scab Leaf,Apple leaf,0.2989,0.6429,0.3571,0
ResNet50,Apple Scab Leaf,Corn Gray leaf spot,0.7012,0.6187,0.3813,0
ResNet50,Apple Scab Leaf,Tomato Early blight leaf,0.8911,0.9512,0.0488,0
ResNet50,Apple Scab Leaf,Cherry leaf,0.5838,0.9608,0.0392,0
ResNet50,Apple Scab Leaf,Bell_pepper leaf spot,0.7675,0.7942,0.2058,0
ResNet50,Apple Scab Leaf,Tomato Early blight leaf,0.4596,0.938,0.062,0
ResNet50,Apple Scab Leaf,Tomato Early blight leaf,0.8312,0.7564,0.2436,0
ResNet50,Apple Scab Leaf,Tomato Early blight leaf,0.8006,0.843,0.157,0
ResNet50,Apple Scab Leaf,Tomato Early blight leaf,0.5369,0.8883,0.1117,0
ResNet50,Apple Scab Leaf,grape leaf black rot,0.9235,0.9975,0.0025,0
ResNet50,Apple Scab Leaf,Corn leaf blight,0.6938,0.5006,0.4994,0
ResNet50,Apple Scab Leaf,Tomato Early blight leaf,0.2403,0.89,0.11,0
ResNet50,Apple Scab Leaf,Corn leaf blight,0.6002,0.9406,0.0594,0
ResNet50,Apple Scab Leaf,grape leaf black rot,0.3055,0.9874,0.0126,0
ResNet50,Apple Scab Leaf,Bell_pepper leaf,0.424,0.8547,0.1453,0
ResNet50,Apple Scab Leaf,Peach leaf,0.9249,0.8765,0.1235,0
ResNet50,Apple Scab Leaf,grape leaf black rot,0.3827,0.666,0.334,0
ResNet50,Apple Scab Leaf,Tomato leaf late blight,0.6937,0.6008,0.3992,0
ResNet50,Apple Scab Leaf,Apple Scab Leaf,0.5486,0.9796,0.0204,1
ResNet50,Apple Scab Leaf,Blueberry leaf,0.4947,0.8766,0.1234,0
ResNet50,Apple Scab Leaf,grape leaf black rot,0.5757,0.979,0.021,0
ResNet50,Apple Scab Leaf,Bell_pepper leaf,0.2983,0.9398,0.0602,0
ResNet50,Apple Scab Leaf,Potato leaf early blight,0.603,0.0,1.0,0
ResNet50,Apple Scab Leaf,Apple Scab Leaf,0.5661,0.9969,0.0031,1
ResNet50,Apple Scab Leaf,Tomato Early blight leaf,0.4015,0.9828,0.0172,0
ResNet50,Apple Scab Leaf,Tomato Early blight leaf,0.899,0.6265,0.3735,0
ResNet50,Apple Scab Leaf,Apple Scab Leaf,0.465,0.9536,0.0464,1
ResNet50,Apple Scab Leaf,Apple leaf,0.4084,0.8327,0.1673,0
ResNet50,Apple Scab Leaf,Cherry leaf,0.4122,0.9597,0.0403,0
ResNet50,Apple Scab Leaf,Cherry leaf,0.4346,0.7345,0.2655,0
ResNet50,Apple Scab Leaf,grape leaf black rot,0.3175,0.8988,0.1012,0
ResNet50,Apple Scab Leaf,Blueberry leaf,0.9353,0.8714,0.1286,0
ResNet50,Apple Scab Leaf,Bell_pepper leaf spot,0.2711,0.9148,0.0852,0
ResNet50,Apple Scab Leaf,Tomato Septoria leaf spot,0.6889,0.9662,0.0338,0
ResNet50,Apple Scab Leaf,Apple Scab Leaf,0.4655,0.9915,0.0085,1
ResNet50,Apple leaf,Bell_pepper leaf spot,0.2926,0.9723,0.0277,0
ResNet50,Apple leaf,Tomato leaf,0.8927,0.6745,0.3255,0
ResNet50,Apple leaf,Bell_pepper leaf,0.6648,0.8112,0.1888,0
ResNet50,Apple leaf,Apple leaf,0.5631,0.8398,0.1602,1
ResNet50,Apple leaf,Apple leaf,0.6332,0.9993,0.0007,1
ResNet50,Apple leaf,Cherry leaf,0.7172,0.9998,0.0002,0
ResNet50,Apple leaf,Blueberry leaf,0.9343,0.3791,0.6209,0
ResNet50,Apple leaf,Tomato leaf yellow virus,0.2026,1.0,0.0,0
